,CD8Tex,B,pDC,Treg,CD4Tnaive,M1,Fibroblasts,NK,Monocyte
CD8Tex,,-4.4364889250333785,4.684000612883427,-1.869449199899319,-4.760396734917879,5.104647012415604,-3.5300376445747967,-3.3831489634678706,4.5754808678460686
B,-4.4364889250333785,1.975499531347225,5.350989925683508,-2.336027540214014,-3.9434395171643755,5.3176863467163225,5.1853512060198135,-4.852403657865533,5.386854773655391
pDC,4.684000612883427,5.350989925683508,5.390134004010395,5.398083566132783,5.18723931604247,5.393903756030245,5.360943677314848,5.287139993658483,5.402695895579836
Treg,-1.869449199899319,-2.336027540214014,5.398083566132783,3.6533367822227776,-3.3767388811514634,5.3771355392551445,3.4256320360448678,-3.7095247992223377,5.391721443592828
CD4Tnaive,-4.760396734917879,-3.9434395171643755,5.18723931604247,-3.3767388811514634,-4.962226329895026,5.2546873368732925,-3.26801004133164,-5.191264254824077,5.134107155054185
M1,5.104647012415604,5.3176863467163225,5.393903756030245,5.3771355392551445,5.2546873368732925,5.304920922253832,5.263884035851156,5.243443244487238,5.388300238885612
Fibroblasts,-3.5300376445747967,5.1853512060198135,5.360943677314848,3.4256320360448678,-3.26801004133164,5.263884035851156,1.9195298150786657,-2.0302246808368185,5.250577425476501
NK,-3.3831489634678706,-4.852403657865533,5.287139993658483,-3.7095247992223377,-5.191264254824077,5.243443244487238,-2.0302246808368185,-5.353267072772418,5.355392369254493
Monocyte,4.5754808678460686,5.386854773655391,5.402695895579836,5.391721443592828,5.134107155054185,5.388300238885612,5.250577425476501,5.355392369254493,5.401807955946756
